n,statement_id,corpus,company,statement,your_label (CC / P / UC),notes
1,msn.com_007_s4,OPP-115,msn.com,The company removes cookies and other cross-session identifiers after 18 months of retention.,,
2,avast_009_s1,OPPT,avast,"The company maintains administrative, technical, and physical safeguards for personal data protection.",,
3,playstation.com_039_s2,OPP-115,playstation.com,The company follows United States data protection and privacy regulations when processing personal data in the United States.,,
4,uber_046_s4,OPPT,uber,Uber retains user-submitted selfies for identity verification for 3 years.,,
5,betterhelp_032_s4,OPPT,betterhelp,BetterHelp remains liable under DPF Principles if its agents process personal data inconsistently with DPF Principles.,,
6,flock-safety_008_s1,OPPT,flock-safety,Flock complies with the Data Privacy Framework Principles for all personal data transfers from the EU.,,
7,instacart_013_s1,OPPT,instacart,"The company employs reasonable administrative, physical, and technical measures to protect personal information from unauthorized access, use, and disclosure.",,
8,epic-games_007_s2,OPPT,epic-games,Epic collects parent/guardian email address when a user indicates they are a child to provide notice and seek consent.,,
9,allstate.com_001_s1,OPP-115,allstate.com,Allstate respects user privacy and works to protect personal information.,,
10,stripe_036_s4,OPPT,stripe,State laws and individual companies may provide additional sharing limitations beyond federal law requirements.,,
11,reddit.com_006_s3,OPP-115,reddit.com,Reddit logs and retains indefinitely the IP address from which an account is initially created.,,
12,walmart_019_s1,OPPT,walmart,Walmart adheres to Digital Advertising Alliance self-regulatory principles for interest-based advertising.,,
13,peloton_033_s2,OPPT,peloton,Peloton shares Fitness Data when authorized by the user or their authorized representative.,,
14,fool.com_052_s2,OPP-115,fool.com,"By using the sites and providing personal data, users consent to data processing in the United States under US laws.",,
15,cellebrite_010_s3,OPPT,cellebrite,Data transfers outside Europe are conducted under standard data protection contract clauses with adequate safeguards determined by the EU Commission.,,
16,gamestop.com_029_s5,OPP-115,gamestop.com,Third-party advertisers have no access to user contact information stored by the company unless the user chooses to share it.,,
17,sidearmsports.com_011_s2,OPP-115,sidearmsports.com,"When personal information is collected by a third party other than SIDEARM Sports, users are notified at the same time.",,
18,github_019_s1,OPPT,github,"GitHub uses administrative, technical, and physical security controls to protect personal data.",,
19,amazon_006_s3,OPPT,amazon,The company follows the Payment Card Industry Data Security Standard when handling credit card data.,,
20,meta_138_s1,OPPT,meta,"Meta shares information with other Meta Companies to promote safety, security and integrity.",,
21,perplexity_014_s2,OPPT,perplexity,"For enterprise customers, chat content, file uploads, and metadata are not used for training or fine-tuning AI models.",,
22,barnesandnoble.com_010_s2,OPP-115,barnesandnoble.com,The company respects user preferences regarding their personal information.,,
23,southwest-airlines_018_s2,OPPT,southwest-airlines,The company makes reasonable good faith efforts to remove or anonymize posted content about minors upon user request.,,
24,geocaching.com_024_s1,OPP-115,geocaching.com,Users outside the United States consent to transfer of personal information to the United States.,,
25,earthkam.org_010_s1,OPP-115,earthkam.org,The company limits the number of people with physical access to its database and servers.,,
26,spotify_018_s1,OPPT,spotify,Spotify Service has a minimum age limit that varies by country or region.,,
27,lexisnexis_021_s2,OPPT,lexisnexis,The company may require users to verify their identity to protect privacy and security when processing rights requests.,,
28,dcccd.edu_015_s1,OPP-115,dcccd.edu,DCCCD has implemented industry best practices in security measures to prevent information interception and abuse.,,
29,eyematch-ai_002_s2,OPPT,eyematch-ai,The company uses encryption to secure user photos.,,
30,everydayhealth.com_041_s1,OPP-115,everydayhealth.com,The company prioritizes security of personal information and undertakes reasonable security measures to protect data on servers.,,
31,www.loc.gov_003_s1,OPP-115,www.loc.gov,The Library collects several types of information automatically without commercial marketing use.,,
32,epic-games_009_s3,OPPT,epic-games,Epic receives parent or guardian email addresses directly from child users for parental consent verification.,,
33,microsoft_014_s2,OPPT,microsoft,Microsoft stores personal data on computer systems with limited access in controlled facilities.,,
34,steampowered.com_017_s2,OPP-115,steampowered.com,Valve has taken reasonable steps to protect user information from unauthorized access or disclosure.,,
35,united-airlines_027_s1,OPPT,united-airlines,"The company maintains physical, electronic, and procedural safeguards to protect user information.",,
36,disinfo.com_016_s1,OPP-115,disinfo.com,Cookies and web beacons used by the company are not linked to personal information.,,
37,redorbit.com_006_s2,OPP-115,redorbit.com,The company stores user profiles containing information about individual users' viewing preferences.,,
38,minecraft.gamepedia.com_009_s2,OPP-115,minecraft.gamepedia.com,The company takes children's privacy seriously and encourages parental involvement in children's online experience.,,
39,barnesandnoble.com_053_s2,OPP-115,barnesandnoble.com,Protecting privacy and security of personal information is a priority for Barnes & Noble.,,
40,earthkam.org_009_s1,OPP-115,earthkam.org,The company takes reasonable steps to verify parent/guardian identity before granting access to child's personal information.,,
41,meta_075_s3,OPPT,meta,The company stops collecting GPS information when users turn off Location Services on their device.,,
42,everydayhealth.com_035_s3,OPP-115,everydayhealth.com,The company deletes and removes a child's information from systems upon parent or guardian request.,,
43,msn.com_007_s3,OPP-115,msn.com,The company removes the entirety of IP addresses after 6 months of retention.,,
44,lodgemfg.com_001_s1,OPP-115,lodgemfg.com,The company transmits transactions using 128-bit secure socket layers (SSL) for data protection.,,
45,mlb.mlb.com_031_s5,OPP-115,mlb.mlb.com,Children under thirteen without parental consent receive a message indicating ineligibility when attempting to access restricted services.,,
46,internetbrands.com_100_s2,OPP-115,internetbrands.com,The company has a policy not to disclose personal information to third parties for direct marketing if residents opt-out.,,
47,meta_100_s2,OPPT,meta,Third-party apps can retain information previously shared by users even after access expires.,,
48,bankofamerica.com_075_s2,OPP-115,bankofamerica.com,Users may still receive untailored advertising from Bank of America even after opting out of tailored advertising.,,
49,pimeyes_016_s2,OPPT,pimeyes,"The company avoids targeting social media, social networking platforms, and professional networks on search engines and crawlers.",,
50,zacks.com_004_s1,OPP-115,zacks.com,"During registration, Zacks.com includes user contact information on the Zacks Investment Research opt-in marketing list.",,
51,tesla_025_s7,OPPT,tesla,Tesla applies privacy-preserving techniques or removes personal data from reports before sending analytics to Tesla.,,
52,archives.gov_052_s2,OPP-115,archives.gov,Users expressly consent to network traffic monitoring when using this government computer system.,,
53,roblox_007_s1,OPPT,roblox,The company automatically sets stronger privacy settings for accounts of users under 13 years old.,,
54,gravy-analytics_029_s2,OPPT,gravy-analytics,The company deletes personal information from its systems if discovered from children under 16.,,
55,foxsports.com_004_s1,OPP-115,foxsports.com,FSD Services are not targeted to children and are designed for a general audience.,,
56,safegraph_007_s1,OPPT,safegraph,"SafeGraph uses reasonable measures to protect information against unauthorized access, disclosure, alteration, or destruction.",,
57,acbj.com_005_s1,OPP-115,acbj.com,The company collects personally identifiable information with user specific knowledge and consent.,,
58,binance_028_s3,OPPT,binance,Binance retains date of birth information when underage individuals attempt KYC identity verification to prevent re-registration and protect platform security.,,
59,redfin_035_s1,OPPT,redfin,Redfin retains personal information as long as the user actively uses the Services.,,
60,aol.com_040_s1,OPP-115,aol.com,"AOL Inc. complies with the U.S.-EU Safe Harbor Framework regarding collection, use, and retention of personal information from EU member countries.",,
